month,year,day of month,early release,meal
August,2026,26,,Cereal
August,2026,27,,Vanilla Cream Filled Breadstick
August,2026,28,,Cream Cheese Filled Bagel Bites
August,2026,31,,Cereal
September,2026,1,,Cream Cheese Filled Bagel Bites
September,2026,2,,Cereal
September,2026,3,,Vanilla Cream Filled Breadstick
September,2026,4,,Apple Cinnamon Muffin
September,2026,8,,Cereal
September,2026,9,,Vanilla Cream Filled Breadstick
September,2026,10,,Cereal
September,2026,11,,Cream Cheese Filled Bagel Bites
September,2026,14,,Cereal
September,2026,15,,Cream Cheese Filled Bagel Bites
September,2026,16,,Cereal
September,2026,17,,Vanilla Cream Filled Breadstick
September,2026,18,,Apple Cinnamon Muffin
September,2026,21,,Cereal
September,2026,22,,Vanilla Cream Filled Breadstick
September,2026,23,,Cereal
September,2026,24,,Apple Cinnamon Muffin
September,2026,25,,Cream Cheese Filled Bagel Bites
September,2026,28,,Cereal
September,2026,29,,Cream Cheese Filled Bagel Bites
September,2026,30,,Cereal