month,year,day of month,early release,breakfast,lunch
October,2026,1,,Apple Cinnamon Muffin,Cheese Pizza
October,2026,2,,Cinnamon Roll,Chicken Sandwich
October,2026,6,,Cheerios Cereal,Chicken Tenders
October,2026,7,,Croissant,Chicken Sausage with a Pancake
October,2026,8,,Cream Cheese Filled Bagel Bites,Cheese Pizza
October,2026,13,,Cheerios Cereal,Cheesy Garlic Twists
October,2026,14,,Vanilla Cream Filled Breadstick,Bean and Cheese Burrito
October,2026,15,,Apple Cinnamon Muffin,Cheese Pizza
October,2026,16,,Cinnamon Roll,Chicken Sandwich
October,2026,20,,Cheerios Cereal,Bean and Cheese Nachos
October,2026,21,true,Croissant,Cheesy Garlic Twists
October,2026,22,,Cream Cheese Filled Bagel Bites,Cheese Pizza
October,2026,23,,French Toast Sticks,Hamburger
October,2026,27,,Cheerios Cereal,Chicken Tenders
October,2026,28,,Vanilla Cream Filled Breadstick,Cheese Pizza Bites